,coef,intercept,t_value,p_value,R_squared,Adj_R_squared,AIC,BIC,corrected_p_value
0,0.015302401791034934,0.5021434826916346,1.1944904483460372,0.23298525514650995,0.07367750043098642,0.05995420414107511,688.8027813999184,716.9499448453652,0.7783221777550435
