,coef,intercept,t_value,p_value,R_squared,Adj_R_squared,AIC,BIC,corrected_p_value
0,0.01631013772372219,-1.3439641784478757,0.4006498820343148,0.6888891823827945,0.09702237358830512,0.08364492727109485,1745.1600584405342,1773.3072218859809,0.9422972727293366
