,coef,intercept,t_value,p_value,R_squared,Adj_R_squared,AIC,BIC,corrected_p_value
0,0.009228260337771209,0.5451313966300398,0.08382619251826025,0.9332360402824683,0.10322874422095607,0.0899432441353406,2483.173932223326,2511.3210956687726,0.9332360402824683
