,coef,intercept,t_value,p_value,R_squared,Adj_R_squared,AIC,BIC,corrected_p_value
0,0.03605014000364025,-1.3341425540009983,1.123274035454074,0.2619865306807822,0.09947000951600171,0.08612882447179426,1744.0417636111774,1772.1889270566242,0.8982395337626817
