,coef,intercept,t_value,p_value,R_squared,Adj_R_squared,AIC,BIC,corrected_p_value
0,-0.06610824021979214,0.5873321060461981,-1.7795477368301744,0.07589979902215888,0.07333646177870956,0.05960811306432001,1431.49960121411,1459.6467646595568,0.3539602021083458
