,coef,intercept,t_value,p_value,R_squared,Adj_R_squared,AIC,BIC,corrected_p_value
0,0.04539064443814503,0.8472087935161914,1.7350861924411372,0.0834862556153266,0.05977383081895182,0.045844554238491875,1338.6683748211344,1366.8155382665811,0.3551137001312881
