,coef,intercept,t_value,p_value,R_squared,Adj_R_squared,AIC,BIC,corrected_p_value
0,0.036603040858892155,-1.3895286750773719,0.7238800802126438,0.4695572703741644,0.09783173665956724,0.08446628090637565,1744.7906061878402,1772.937769633287,0.934004004556023
