,coef,intercept,t_value,p_value,R_squared,Adj_R_squared,AIC,BIC,corrected_p_value
0,0.2197948933221706,0.5015528446563081,1.920418310421788,0.055507002405862725,0.11130580226185005,0.09813996229535893,2479.4463097068246,2507.593473152271,0.3330420144351764
