,coef,intercept,t_value,p_value,R_squared,Adj_R_squared,AIC,BIC,corrected_p_value
0,0.0033443761090768288,0.932644394530443,0.10905948067751228,0.9132093267219323,0.05281257719387211,0.03878017093007757,1341.707506795843,1369.8546702412898,0.9132093267219323
