,coef,intercept,t_value,p_value,R_squared,Adj_R_squared,AIC,BIC,corrected_p_value
0,-0.014861778627507097,0.5685504251180997,-0.20209577856197408,0.8399433232288399,0.1033036134683063,0.09001922255672568,2483.139533911142,2511.2866973565883,0.9747497193765053
