,coef,intercept,t_value,p_value,R_squared,Adj_R_squared,AIC,BIC,corrected_p_value
0,0.02587516800460741,0.5534377683758024,0.32910585268595616,0.7422458010641148,0.1034529519860673,0.090170773496972,2483.070912475508,2511.2180759209546,0.9700432980556882
